{
	"pages": [
		{
			"path": "pages/index/index",
			"style": {
				
			}
		},
		{
			"path" : "pages/tieBa/tieBa",
			"style" : 
			{
				"navigationBarTitleText" : ""
			}
		},
		{
			"path" : "pages/teamIndex/teamIndex",
			"style" : 
			{
				"navigationBarTitleText" : ""
			}
		},
		{
			"path": "pages/mine/mine",
			"style": {
				
			}
		},
		{
			"path": "pages/login/login",
			"style": {
				
			}
		},
		{
			"path": "pages/regUser/regUser",
			"style": {
				
			}
		},
		{
			"path" : "pages/dealIndex/dealIndex",
			"style" : 
			{
				"navigationBarTitleText" : ""
			}
		},
		{
			"path": "pages/message/message",
			"style": {
				
			}
		},
		{
			"path" : "pages/phoneLogin/phoneLogin",
			"style" : 
			{
				"navigationBarTitleText" : ""
			}
		}
	],
	"subPackages": [
		{
			"root": "dealPages",
			"pages": [
				
				{
					"path" : "dealDetail/dealDetail",
					"style" : 
					{
						"navigationBarTitleText" : ""
					}
				},
				{
					"path" : "dealling/dealling",
					"style" : 
					{
						"navigationBarTitleText" : ""
					}
				}
			]
		},
		{
			"root": "teamPages",
			"pages":[
				
				{
					"path" : "teamDetail/teamDetail",
					"style" : 
					{
						"navigationBarTitleText" : ""
					}
				},
				{
					"path" : "teamming/teamming",
					"style" : 
					{
						"navigationBarTitleText" : ""
					}
				}
			]
		},
		{
			"root": "tieBaPages",
			"pages": [
				
				{
					"path" : "tieDetail/tieDetail",
					"style" : 
					{
						"navigationBarTitleText" : ""
					}
				},
				{
					"path" : "userIndex/userIndex",
					"style" : 
					{
						"navigationBarTitleText" : ""
					}
				},
				{
					"path" : "tieSearch/tieSearch",
					"style" : 
					{
						"navigationBarTitleText" : ""
					}
				},
				{
					"path" : "tiePublish/tiePublish",
					"style" : 
					{
						"navigationBarTitleText" : ""
					}
				},
				{
					"path" : "setting/setting",
					"style" : 
					{
						"navigationBarTitleText" : ""
					}
				}
			]
		}
	],
	"tabBar": {
		"backgroundColor":"#F8F8F8",
		"color":"#909090",
		"selectedColor":"#1296db",
		"list": [
			{
				"pagePath": "pages/index/index",
				"text":"首页",
				"iconPath": "./static/首页 (3).png",
				"selectedIconPath": "./static/首页 (4).png"
			},
			{
				"pagePath": "pages/tieBa/tieBa",
				"text":"贴吧",
				"iconPath": "./static/聊天.png",
				"selectedIconPath": "./static/聊天 (1).png"
			},
			{
				"pagePath": "pages/message/message",
				"text": "消息",
				"iconPath": "./static/消息.png",
				"selectedIconPath": "./static/消息 (1).png"
			},
			{
				"pagePath": "pages/teamIndex/teamIndex",
				"text": "攒局",
				"iconPath": "./static/tabbar3_s (2).png",
				"selectedIconPath": "./static/tabbar3_s (3).png"
			},
			{
				"pagePath": "pages/mine/mine",
				"text": "我的",
				"iconPath": "./static/我的-1.png",
				"selectedIconPath": "./static/我的-1 (1).png"
			}
		]
	},
	"globalStyle": {
		"navigationStyle": "custom",
		"navigationBarTextStyle": "white",
		"navigationBarTitleText": "uni-app",
		"navigationBarBackgroundColor": "#F8F8F8",
		"backgroundColor": "#F8F8F8",
		"app-plus": {
			"background": "#efeff4"
		}
	}
}
